date,Max Temp,Avg Temp,Min Temp,
26/10/2011,59,50.8,43,
27/10/2011,63,49.7,39,
28/10/2011,66,55.8,46,
29/10/2011,63,56.7,48,
30/10/2011,61,57.1,54,
31/10/2011,63,55.5,48,
1/11/2011,63,54,45,
2/11/2011,59,53.5,48,
3/11/2011,64,57,48,
4/11/2011,66,59.8,54,
5/11/2011,63,56.3,52,
6/11/2011,55,54.2,52,
7/11/2011,52,49.3,48,
8/11/2011,54,48.6,45,
9/11/2011,59,51.8,45,
10/11/2011,57,45.7,37,
11/11/2011,52,42.4,36,
12/11/2011,55,44.5,36,
13/11/2011,43,42.1,37,
14/11/2011,48,40.8,36,
15/11/2011,45,35.7,28,
16/11/2011,46,34.5,27,
17/11/2011,48,43,30,
18/11/2011,52,45.2,36,
19/11/2011,50,40.1,32,
20/11/2011,54,38.3,28,
21/11/2011,39,34.7,32,
22/11/2011,57,43.4,36,
23/11/2011,54,50.7,46,
24/11/2011,50,46.5,43,
25/11/2011,48,45.5,43,
26/11/2011,52,46.5,41,
27/11/2011,54,48.1,39,
28/11/2011,48,40.4,32,
29/11/2011,50,43.3,0,
30/11/2011,52,46.3,43,
1/12/2011,55,50.8,39,
2/12/2011,54,46.1,43,
3/12/2011,52,47,45,
4/12/2011,50,47.6,43,
5/12/2011,45,42,39,
6/12/2011,45,40,37,
7/12/2011,48,45.3,41,
8/12/2011,54,46.1,39,
9/12/2011,52,44.5,41,
10/12/2011,45,39.3,36,
11/12/2011,45,39.9,36,
12/12/2011,48,45.7,43,
13/12/2011,52,46.6,39,
14/12/2011,45,41.5,37,
15/12/2011,46,43.1,41,
16/12/2011,43,38.8,34,
17/12/2011,45,40.1,36,
18/12/2011,41,36.6,34,
19/12/2011,39,35.5,34,
20/12/2011,46,42.3,36,
21/12/2011,45,42.7,41,
22/12/2011,52,49.5,45,
23/12/2011,50,48.9,45,
24/12/2011,46,43.2,41,
25/12/2011,52,47.4,43,
26/12/2011,50,49.3,48,
27/12/2011,50,47.5,45,
28/12/2011,45,43.4,41,
29/12/2011,48,43.1,41,
30/12/2011,45,42.7,39,
31/12/2011,54,47.8,39,
1/1/2012,57,54.3,50,
2/1/2012,52,46,41,
3/1/2012,54,46.8,41,
4/1/2012,46,45.3,43,
5/1/2012,52,46.7,41,
6/1/2012,46,43.4,39,
7/1/2012,50,46.2,41,
8/1/2012,48,45.3,41,
9/1/2012,50,47.1,45,
10/1/2012,50,48.3,45,
11/1/2012,50,48.4,46,
12/1/2012,52,47.1,43,
13/01/2012,45,41.8,39,
14/01/2012,45,40,30,
15/01/2012,41,32.7,25,
16/01/2012,39,31.8,27,
17/01/2012,43,32.5,23,
18/01/2012,43,36.5,28,
19/01/2012,52,46.8,43,
20/01/2012,45,42.5,39,
21/01/2012,52,47.1,41,
22/01/2012,52,45.9,41,
23/01/2012,46,42.9,41,
24/01/2012,41,38.6,36,
25/01/2012,43,41,39,
26/01/2012,48,44.3,41,
27/01/2012,48,41.6,37,
28/01/2012,43,38.3,34,
29/01/2012,34,32.3,30,
30/01/2012,32,29.9,28,
31/01/2012,30,28.1,23,
1/2/2012,30,23.4,19,
2/2/2012,27,21.2,18,
3/2/2012,25,18.6,14,
4/2/2012,19,11.5,5,
5/2/2012,23,18.1,9,
6/2/2012,28,22.1,16,
7/2/2012,23,17.4,10,
8/2/2012,30,25.5,21,
9/2/2012,32,24.4,18,
10/2/2012,30,22.8,18,
11/2/2012,27,19.7,12,
12/2/2012,30,24,12,
13/02/2012,41,35.3,30,
14/02/2012,43,40.3,39,
15/02/2012,45,43.1,41,
16/02/2012,48,43.5,41,
17/02/2012,50,44.3,41,
18/02/2012,48,46,39,
19/02/2012,43,38.4,34,
20/02/2012,43,36.9,30,
21/02/2012,48,40.9,36,
22/02/2012,48,43.1,37,
23/02/2012,54,48.2,43,
24/02/2012,54,50.1,48,
25/02/2012,48,44.7,37,
26/02/2012,45,42.7,39,
27/02/2012,48,42.7,36,
28/02/2012,50,48.1,46,
29/02/2012,50,48.5,46,
1/3/2012,48,45.9,45,
2/3/2012,48,46.6,45,
3/3/2012,55,50.5,46,
4/3/2012,52,47.4,43,
5/3/2012,46,37.9,36,
6/3/2012,46,40.5,32,
7/3/2012,45,39.9,30,
8/3/2012,48,42.7,39,
9/3/2012,52,46.1,39,
10/3/2012,52,48.8,46,
11/3/2012,57,50.5,46,
12/3/2012,59,48.7,36,
13/03/2012,50,46.8,45,
14/03/2012,50,46.1,39,
15/03/2012,66,47.4,30,
16/03/2012,61,48.5,39,
17/03/2012,54,49.6,45,
18/03/2012,52,47.3,43,
19/03/2012,54,45.1,37,
20/03/2012,57,47,36,
21/03/2012,61,49.3,36,
22/03/2012,66,54.6,41,
23/03/2012,68,55.9,39,
24/03/2012,66,55.7,41,
25/03/2012,64,52.3,41,
26/03/2012,64,53.4,41,
27/03/2012,66,54.1,41,
28/03/2012,66,52.1,0,
29/03/2012,57,50.1,43,
30/03/2012,48,47,45,
31/03/2012,48,45.9,39,
1/4/2012,50,42.3,30,
2/4/2012,57,45.9,30,
3/4/2012,61,50.1,37,
4/4/2012,57,49.1,45,
5/4/2012,48,45.4,43,
6/4/2012,50,43.6,36,
7/4/2012,48,43.8,41,
8/4/2012,52,44.4,39,
9/4/2012,52,48.9,43,
10/4/2012,50,48.4,46,
11/4/2012,54,46,41,
12/4/2012,52,44.8,37,
13/04/2012,54,43.8,30,
14/04/2012,54,46.6,39,
15/04/2012,48,44.1,41,
16/04/2012,50,42.9,37,
17/04/2012,50,40.6,28,
18/04/2012,52,46.5,43,
19/04/2012,55,48.8,45,
20/04/2012,54,46.2,37,
21/04/2012,52,46.5,41,
22/04/2012,55,48.4,45,
23/04/2012,55,48,45,
24/04/2012,55,47.9,43,
25/04/2012,54,48.8,41,
26/04/2012,59,53.3,50,
27/04/2012,59,55,52,
28/04/2012,64,54.9,50,
29/04/2012,68,56.8,50,
30/04/2012,70,59.5,43,
1/5/2012,66,59.8,54,
2/5/2012,57,52.5,50,
3/5/2012,55,52.8,50,
4/5/2012,59,52.4,48,
5/5/2012,50,47.4,46,
6/5/2012,52,48.1,45,
7/5/2012,61,50.9,41,
8/5/2012,68,57.9,48,
9/5/2012,68,62.1,59,
10/5/2012,75,67.8,57,
11/5/2012,68,60.3,50,
12/5/2012,54,49.7,45,
13/05/2012,59,48.4,34,
14/05/2012,64,53.8,43,
15/05/2012,52,47.8,45,
16/05/2012,55,48.8,43,
17/05/2012,59,49.8,37,
18/05/2012,64,57.2,50,
19/05/2012,70,61.3,55,
20/05/2012,72,60.3,54,
21/05/2012,68,59.5,54,
22/05/2012,73,62.5,55,
23/05/2012,77,63.7,54,
24/05/2012,82,70.6,59,
25/05/2012,79,70.4,61,
26/05/2012,79,69.4,55,
27/05/2012,81,70.1,55,
28/05/2012,75,68.5,59,
29/05/2012,77,66.1,57,
30/05/2012,73,64,54,
31/05/2012,68,63.3,57,
1/6/2012,66,59.5,55,
2/6/2012,64,57.5,52,
3/6/2012,55,49.7,48,
4/6/2012,57,50.9,46,
5/6/2012,63,53.7,43,
6/6/2012,66,58.8,52,
7/6/2012,70,62,57,
8/6/2012,66,60.4,55,
9/6/2012,63,57.1,52,
10/6/2012,66,59,50,
11/6/2012,64,58.7,55,
12/6/2012,66,58.6,52,
13/06/2012,61,54.9,50,
14/06/2012,64,56.2,43,
15/06/2012,66,59.5,55,
16/06/2012,66,62.2,59,
17/06/2012,70,61.8,55,
18/06/2012,64,60.5,55,
19/06/2012,68,59.7,46,
20/06/2012,73,64.9,57,
21/06/2012,75,65.2,57,
22/06/2012,64,60.5,55,
23/06/2012,68,61,54,
24/06/2012,61,58.5,55,
25/06/2012,66,59.7,54,
26/06/2012,75,63.2,48,
27/06/2012,73,67.6,63,
28/06/2012,88,74.9,63,
29/06/2012,77,67.8,63,
30/06/2012,77,67.5,63,
1/7/2012,66,61.5,57,
2/7/2012,73,62.1,48,
3/7/2012,73,66.5,55,
4/7/2012,81,70.7,63,
5/7/2012,81,69.3,63,
6/7/2012,75,65.8,59,
7/7/2012,73,63.4,54,
8/7/2012,68,63,59,
9/7/2012,66,62.5,59,
10/7/2012,64,61.5,59,
11/7/2012,64,59.5,54,
12/7/2012,68,59.9,52,
13/07/2012,66,60.4,55,
14/07/2012,63,59.2,55,
15/07/2012,63,58.4,55,
16/07/2012,63,57.8,55,
17/07/2012,68,62.5,59,
18/07/2012,70,64.4,59,
19/07/2012,68,62.3,57,
20/07/2012,63,58.6,55,
21/07/2012,66,58.9,54,
22/07/2012,72,61.5,52,
23/07/2012,79,67.4,54,
24/07/2012,84,71.1,55,
25/07/2012,84,73.5,57,
26/07/2012,84,73.7,63,
27/07/2012,84,73.2,64,
28/07/2012,73,67.7,63,
29/07/2012,70,62.6,57,
30/07/2012,66,60.2,54,
31/07/2012,68,61.3,55,
1/8/2012,82,68.2,54,
2/8/2012,72,67.5,59,
3/8/2012,73,65.3,57,
4/8/2012,75,65.5,59,
5/8/2012,75,66.9,57,
6/8/2012,68,62.6,59,
7/8/2012,66,62.1,57,
8/8/2012,70,61.6,55,
9/8/2012,73,64.3,54,
10/8/2012,72,62.8,52,
11/8/2012,72,63.3,54,
12/8/2012,79,66.1,54,
13/08/2012,79,69.3,61,
14/08/2012,77,70.4,59,
15/08/2012,88,74.2,64,
16/08/2012,75,68.2,61,
17/08/2012,84,72.6,59,
18/08/2012,95,78.4,61,
19/08/2012,93,79.3,66,
20/08/2012,79,73.5,66,
21/08/2012,79,71.2,64,
22/08/2012,72,65.9,61,
23/08/2012,73,63.8,57,
24/08/2012,75,65.7,59,
25/08/2012,70,65.5,61,
26/08/2012,66,61.6,59,
27/08/2012,75,62.5,48,
28/08/2012,73,66,57,
29/08/2012,75,65.2,55,
30/08/2012,70,62.4,57,
31/08/2012,63,58.5,55,
1/9/2012,66,59.1,50,
2/9/2012,70,61.9,55,
3/9/2012,72,65.7,61,
4/9/2012,77,64.9,52,
5/9/2012,68,63.3,57,
6/9/2012,68,60.1,50,
7/9/2012,75,62.5,50,
8/9/2012,77,63.4,50,
9/9/2012,84,66.8,50,
10/9/2012,75,67.6,61,
11/9/2012,64,62.1,57,
12/9/2012,63,49,0,
13/09/2012,63,57.1,50,
14/09/2012,66,58,52,
15/09/2012,66,58.8,50,
16/09/2012,72,60.4,46,
17/09/2012,66,60.9,55,
18/09/2012,64,58.8,54,
19/09/2012,59,53.1,48,
20/09/2012,61,52.6,43,
21/09/2012,61,52,43,
22/09/2012,61,54.5,48,
23/09/2012,55,50.3,45,
24/09/2012,70,58.5,52,
25/09/2012,61,56.9,54,
26/09/2012,61,56.5,54,
27/09/2012,61,56.4,54,
28/09/2012,63,56.7,50,
29/09/2012,59,55,50,
30/09/2012,63,54.1,46,
1/10/2012,68,56.9,46,
2/10/2012,63,58.9,55,
3/10/2012,61,56.2,50,
4/10/2012,59,53.6,50,
5/10/2012,63,56.5,52,
6/10/2012,59,53.8,43,
7/10/2012,59,48.4,37,
8/10/2012,57,47.1,37,
9/10/2012,57,50.3,43,
10/10/2012,57,47.2,39,
11/10/2012,61,48.9,37,
12/10/2012,59,54.9,48,
13/10/2012,52,48.3,46,
14/10/2012,52,47.3,43,
15/10/2012,55,50.8,45,
16/10/2012,59,52.1,48,
17/10/2012,61,52.4,41,
18/10/2012,66,59.8,54,
19/10/2012,72,62.5,55,
20/10/2012,63,60,57,
21/10/2012,63,57.3,55,
22/10/2012,73,61,52,
23/10/2012,70,57.9,46,
24/10/2012,66,56,50,
25/10/2012,54,52,48,
26/10/2012,48,44.5,37,
27/10/2012,45,39.1,34,
28/10/2012,50,40.8,27,
29/10/2012,48,45.5,41,
30/10/2012,50,46.6,43,
31/10/2012,55,46.9,41,
1/11/2012,52,46.8,41,
2/11/2012,52,44.4,41,
3/11/2012,48,45.1,41,
4/11/2012,50,44.1,34,
5/11/2012,48,44,41,
6/11/2012,52,45.3,39,
7/11/2012,52,49.9,46,
8/11/2012,52,49.9,48,
9/11/2012,54,48.7,46,
10/11/2012,54,51,48,
11/11/2012,52,45.6,43,
12/11/2012,46,44.3,41,
13/11/2012,50,47.2,45,
14/11/2012,54,45.3,32,
15/11/2012,43,39.8,32,
16/11/2012,43,39.3,34,
17/11/2012,48,41.9,32,
18/11/2012,48,43.7,34,
19/11/2012,52,42.9,36,
20/11/2012,55,48.5,41,
21/11/2012,52,44.1,36,
22/11/2012,54,46.7,43,
23/11/2012,48,45.5,43,
24/11/2012,50,45.6,41,
25/11/2012,57,51.3,46,
26/11/2012,54,48.4,41,
27/11/2012,48,45.4,39,
28/11/2012,48,43.8,37,
29/11/2012,45,41.3,37,
30/11/2012,45,37.8,32,
1/12/2012,39,36.9,34,
2/12/2012,41,37.6,36,
3/12/2012,46,37.9,32,
4/12/2012,43,40.5,39,
5/12/2012,39,36.5,34,
6/12/2012,37,34.9,32,
7/12/2012,37,35.4,32,
8/12/2012,37,32.3,27,
9/12/2012,46,40.5,34,
10/12/2012,43,39.3,34,
11/12/2012,36,33.2,28,
12/12/2012,37,32.2,25,
13/12/2012,34,29.7,23,
14/12/2012,52,42.8,34,
15/12/2012,50,48.6,46,
16/12/2012,48,45.9,45,
17/12/2012,48,45.3,43,
18/12/2012,45,42.8,41,
19/12/2012,45,40.5,36,
20/12/2012,41,37.8,36,
21/12/2012,50,46.6,41,
22/12/2012,55,46.4,45,
23/12/2012,55,53.3,48,
24/12/2012,55,51.4,46,
25/12/2012,54,49.6,46,
26/12/2012,50,46.9,43,
27/12/2012,50,46.7,45,
28/12/2012,52,45.7,43,
29/12/2012,55,52.4,48,
30/12/2012,48,46,43,
31/12/2012,52,49,46,
1/1/2013,48,44.8,41,
2/1/2013,46,43.4,41,
3/1/2013,52,49.5,45,
4/1/2013,50,48.5,46,
5/1/2013,48,46.6,46,
6/1/2013,50,47.8,46,
7/1/2013,48,46.2,45,
8/1/2013,46,44.4,43,
9/1/2013,45,43,41,
10/1/2013,45,41.2,37,
11/1/2013,41,33.6,28,
12/1/2013,36,30.6,25,
13/01/2013,32,30.1,28,
14/01/2013,30,27.2,21,
15/01/2013,30,28.8,28,
16/01/2013,30,24.6,19,
17/01/2013,21,20.2,19,
18/01/2013,30,26.7,21,
19/01/2013,30,26.9,25,
20/01/2013,28,24.9,23,
21/01/2013,32,30,27,
22/01/2013,32,27.8,21,
23/01/2013,30,22.7,18,
24/01/2013,28,24.3,14,
25/01/2013,28,23,10,
26/01/2013,34,28.7,18,
27/01/2013,45,40.4,36,
28/01/2013,48,42.1,37,
29/01/2013,55,51.5,48,
30/01/2013,57,52.7,48,
31/01/2013,52,47,45,
1/2/2013,46,43.5,39,
2/2/2013,43,40.4,37,
3/2/2013,43,39.8,37,
4/2/2013,50,47,45,
5/2/2013,45,39.9,36,
6/2/2013,43,37.8,34,
7/2/2013,41,37.4,34,
8/2/2013,39,35.4,34,
9/2/2013,37,34.3,28,
10/2/2013,37,32.9,30,
11/2/2013,34,31.5,28,
12/2/2013,32,30.1,27,
13/02/2013,37,31.8,27,
14/02/2013,36,32,28,
15/02/2013,46,41.1,36,
16/02/2013,45,41.6,37,
17/02/2013,41,37.4,32,
18/02/2013,45,33.5,23,
19/02/2013,43,36.5,28,
20/02/2013,39,33.4,28,
21/02/2013,36,30.1,27,
22/02/2013,32,28.7,27,
23/02/2013,32,28.6,23,
24/02/2013,34,31.9,30,
25/02/2013,37,35.2,34,
26/02/2013,41,37.9,36,
27/02/2013,39,34.5,34,
28/02/2013,37,35,34,
1/3/2013,41,37.6,36,
2/3/2013,39,36.9,36,
3/3/2013,45,39,36,
4/3/2013,54,39.3,27,
5/3/2013,64,47.2,32,
6/3/2013,64,51.8,43,
7/3/2013,57,50.8,45,
8/3/2013,61,52.5,45,
9/3/2013,52,44.8,39,
10/3/2013,39,34.7,32,
11/3/2013,32,28.8,27,
12/3/2013,32,27.7,25,
13/03/2013,37,27.5,12,
14/03/2013,37,33.4,28,
15/03/2013,41,34.5,23,
16/03/2013,46,42.6,39,
17/03/2013,48,43.5,39,
18/03/2013,50,43.2,37,
19/03/2013,46,41,32,
20/03/2013,37,35.5,30,
21/03/2013,41,35.6,28,
22/03/2013,43,35.1,28,
23/03/2013,36,33,32,
24/03/2013,36,30.3,25,
25/03/2013,39,32.7,28,
26/03/2013,41,34,28,
27/03/2013,43,34.7,27,
28/03/2013,43,34.5,28,
29/03/2013,37,32.2,28,
30/03/2013,39,33.2,27,
31/03/2013,39,33.7,27,
1/4/2013,45,37.2,28,
2/4/2013,46,38.1,28,
3/4/2013,43,37.6,30,
4/4/2013,45,39.3,36,
5/4/2013,41,38.1,36,
6/4/2013,46,40.8,37,
7/4/2013,52,41.3,27,
8/4/2013,50,42.6,34,
9/4/2013,48,41.8,32,
10/4/2013,48,46,43,
11/4/2013,55,49.6,45,
12/4/2013,55,49.9,41,
13/04/2013,59,51.6,46,
14/04/2013,75,62.9,54,
15/04/2013,64,57.6,46,
16/04/2013,63,54.3,45,
17/04/2013,72,61.7,52,
18/04/2013,66,56.8,50,
19/04/2013,54,47.9,43,
20/04/2013,54,45.6,37,
21/04/2013,57,46.6,36,
22/04/2013,59,48,34,
23/04/2013,63,54.1,46,
24/04/2013,70,57.1,41,
25/04/2013,77,62.3,46,
26/04/2013,59,50.1,43,
27/04/2013,52,45.5,39,
28/04/2013,55,46.6,37,
29/04/2013,54,47.4,41,
30/04/2013,59,48.5,34,
1/5/2013,64,53.1,41,
2/5/2013,63,54,46,
3/5/2013,66,56.7,46,
4/5/2013,61,54.3,46,
5/5/2013,66,56.9,48,
6/5/2013,70,58.8,45,
7/5/2013,75,61.3,54,
8/5/2013,68,59.2,50,
9/5/2013,63,56.5,50,
10/5/2013,59,54.9,52,
11/5/2013,57,52.1,48,
12/5/2013,55,49.5,45,
13/05/2013,57,52.6,46,
14/05/2013,54,50.3,48,
15/05/2013,63,55,48,
16/05/2013,50,48.2,46,
17/05/2013,50,48,46,
18/05/2013,55,50.4,46,
19/05/2013,66,55.5,46,
20/05/2013,55,51.9,48,
21/05/2013,54,50.5,48,
22/05/2013,54,49.5,46,
23/05/2013,50,45.3,41,
24/05/2013,50,44.6,39,
25/05/2013,55,48.1,39,
26/05/2013,55,50.4,46,
27/05/2013,66,56.3,45,
28/05/2013,72,56.9,43,
29/05/2013,54,50.1,48,
30/05/2013,59,53.9,50,
31/05/2013,68,57.5,50,
1/6/2013,59,52.5,48,
2/6/2013,63,55.5,48,
3/6/2013,61,52.7,46,
4/6/2013,70,56.7,46,
5/6/2013,75,63.4,50,
6/6/2013,81,67,54,
7/6/2013,79,68.4,57,
8/6/2013,73,61.9,52,
9/6/2013,64,57.2,50,
10/6/2013,63,55,48,
11/6/2013,70,60.2,43,
12/6/2013,73,66.5,59,
13/06/2013,68,63.1,57,
14/06/2013,66,59,52,
15/06/2013,66,60.2,52,
16/06/2013,66,59.8,54,
17/06/2013,75,65.3,54,
18/06/2013,86,75,61,
19/06/2013,79,72.6,66,
20/06/2013,77,70.1,64,
21/06/2013,70,62.8,59,
22/06/2013,68,61,55,
23/06/2013,66,58.7,55,
24/06/2013,57,55.3,54,
25/06/2013,66,57,52,
26/06/2013,66,58,48,
27/06/2013,61,56.2,54,
28/06/2013,63,57.2,54,
29/06/2013,64,59.8,55,
30/06/2013,72,62.3,48,
1/7/2013,68,61.3,55,
2/7/2013,72,62.3,52,
3/7/2013,66,62.3,59,
4/7/2013,70,63.5,59,
5/7/2013,70,64,61,
6/7/2013,79,68.8,57,
7/7/2013,81,71,59,
8/7/2013,81,70.4,61,
9/7/2013,79,68.8,57,
10/7/2013,73,65.2,57,
11/7/2013,70,61.4,57,
12/7/2013,66,59.4,52,
13/07/2013,73,63.7,55,
14/07/2013,79,66.7,55,
15/07/2013,81,70.2,57,
16/07/2013,81,70.7,55,
17/07/2013,81,71.9,63,
18/07/2013,84,74.3,64,
19/07/2013,82,71.8,61,
20/07/2013,70,65.8,61,
21/07/2013,88,74.3,59,
22/07/2013,91,79.3,64,
23/07/2013,88,79,64,
24/07/2013,81,73.5,68,
25/07/2013,84,72.7,61,
26/07/2013,82,73.3,68,
27/07/2013,79,71.1,64,
28/07/2013,75,68.5,63,
29/07/2013,75,68.6,61,
30/07/2013,70,64.5,59,
31/07/2013,75,68.8,64,
1/8/2013,88,76,63,
2/8/2013,95,78.9,66,
3/8/2013,77,71,61,
4/8/2013,81,70.2,57,
5/8/2013,86,71.8,55,
6/8/2013,72,66.7,63,
7/8/2013,63,61.1,59,
8/8/2013,72,64.5,57,
9/8/2013,72,63.2,52,
10/8/2013,68,63,59,
11/8/2013,72,63,57,
12/8/2013,68,62.4,57,
13/08/2013,68,61.6,55,
14/08/2013,72,61.9,54,
15/08/2013,75,63.4,55,
16/08/2013,82,68.2,57,
17/08/2013,77,68.1,63,
18/08/2013,75,68,64,
19/08/2013,70,64.7,59,
20/08/2013,72,64.4,55,
21/08/2013,77,64.6,50,
22/08/2013,72,62.9,54,
23/08/2013,79,68.9,59,
24/08/2013,66,62.9,59,
25/08/2013,70,62.4,54,
26/08/2013,73,65.6,57,
27/08/2013,75,67.7,61,
28/08/2013,73,65.5,57,
29/08/2013,75,64.8,52,
30/08/2013,72,64.1,54,
31/08/2013,68,64.1,57,
1/9/2013,64,58.7,46,
2/9/2013,73,63.2,55,
3/9/2013,77,66.4,57,
4/9/2013,82,69.1,57,
5/9/2013,90,73.5,57,
6/9/2013,79,68.4,61,
7/9/2013,70,64.1,57,
8/9/2013,70,61.9,55,
9/9/2013,63,56.1,50,
10/9/2013,59,53.7,50,
11/9/2013,64,59.1,54,
12/9/2013,63,59.3,57,
13/09/2013,61,58,50,
14/09/2013,63,60.4,55,
15/09/2013,63,57.3,50,
16/09/2013,61,54.8,48,
17/09/2013,57,51.2,46,
18/09/2013,59,54.1,52,
19/09/2013,59,54.3,48,
20/09/2013,63,58.4,55,
21/09/2013,64,57.2,46,
22/09/2013,68,62,57,
23/09/2013,68,63.4,55,
24/09/2013,70,59.1,48,
25/09/2013,68,59,50,
26/09/2013,64,59.3,50,
27/09/2013,63,51.8,43,
28/09/2013,64,54.1,45,
29/09/2013,66,56.6,48,
30/09/2013,63,53.6,45,
1/10/2013,64,52.9,43,
2/10/2013,66,53.1,43,
3/10/2013,68,56,45,
4/10/2013,70,63.7,55,
5/10/2013,66,60.5,54,
6/10/2013,64,58,48,
7/10/2013,66,52.8,43,
8/10/2013,66,56.7,46,
9/10/2013,61,58.2,52,
10/10/2013,54,49.5,45,
11/10/2013,50,46.5,43,
12/10/2013,52,46.1,39,
13/10/2013,50,47.3,46,
14/10/2013,54,51.1,50,
15/10/2013,54,51,50,
16/10/2013,54,49.1,39,
17/10/2013,61,55.9,48,
18/10/2013,61,54.9,50,
19/10/2013,64,55.7,45,
20/10/2013,66,59.9,55,
21/10/2013,64,60,55,
22/10/2013,73,63.6,57,
23/10/2013,64,61,55,
24/10/2013,61,53.8,48,
25/10/2013,68,59.1,48,
26/10/2013,68,63.2,61,
27/10/2013,61,59.1,55,
28/10/2013,63,58,54,
29/10/2013,55,51.3,46,
30/10/2013,55,48.6,43,
31/10/2013,57,50.8,45,
1/11/2013,57,52.6,48,
2/11/2013,57,52.5,48,
3/11/2013,52,48.6,46,
4/11/2013,55,49.1,45,
5/11/2013,50,45.2,41,
6/11/2013,59,52.1,48,
7/11/2013,59,53.9,50,
8/11/2013,52,48.2,41,
9/11/2013,50,47.5,45,
10/11/2013,48,44.2,41,
11/11/2013,50,44.1,34,
12/11/2013,50,46.9,45,
13/11/2013,54,43.7,34,
14/11/2013,50,45.1,41,
15/11/2013,50,44.1,34,
16/11/2013,39,36.5,34,
17/11/2013,43,40.9,37,
18/11/2013,45,41.5,39,
19/11/2013,46,43.4,41,
20/11/2013,41,38,32,
21/11/2013,41,37.1,32,
22/11/2013,43,39.4,34,
23/11/2013,45,41.5,37,
24/11/2013,48,43.6,37,
25/11/2013,45,42.6,41,
26/11/2013,46,43.4,36,
27/11/2013,46,41.7,32,
28/11/2013,50,46,43,
29/11/2013,48,45.3,43,
30/11/2013,48,44.7,41,
1/12/2013,48,45.5,41,
2/12/2013,48,42.7,34,
3/12/2013,43,34.4,28,
4/12/2013,46,41.8,36,
5/12/2013,50,41,36,
6/12/2013,43,40.6,39,
7/12/2013,48,43.2,37,
8/12/2013,50,46.7,45,
9/12/2013,50,45.7,37,
10/12/2013,48,35.8,28,
11/12/2013,45,32.8,25,
12/12/2013,39,31.3,27,
13/12/2013,43,35.8,27,
14/12/2013,46,43.6,39,
15/12/2013,48,46.2,45,
16/12/2013,55,50.7,46,
17/12/2013,50,45.1,39,
18/12/2013,52,47,41,
19/12/2013,52,46.8,37,
20/12/2013,48,42.8,39,
21/12/2013,46,44.8,43,
22/12/2013,52,46.9,43,
23/12/2013,54,48.2,43,
24/12/2013,54,50.6,46,
25/12/2013,48,44.3,36,
26/12/2013,46,40.9,34,
27/12/2013,50,46.2,39,
28/12/2013,48,45.4,43,
29/12/2013,46,42.3,39,
30/12/2013,46,42.2,37,
31/12/2013,50,45.7,43,
1/1/2014,50,46.3,43,
2/1/2014,52,49.1,46,
3/1/2014,55,49.3,43,
4/1/2014,50,47.1,43,
5/1/2014,46,43.2,39,
6/1/2014,59,53.5,48,
7/1/2014,55,52.2,50,
8/1/2014,52,48.5,41,
9/1/2014,54,50.6,43,
10/1/2014,48,42.7,39,
11/1/2014,46,41.4,39,
12/1/2014,43,35.8,27,
13/01/2014,50,44.4,36,
14/01/2014,45,41.3,37,
15/01/2014,46,41,37,
16/01/2014,48,46.7,41,
17/01/2014,48,46.3,45,
18/01/2014,48,42.2,36,
19/01/2014,50,45,39,
20/01/2014,46,44,39,
21/01/2014,45,40.6,39,
22/01/2014,41,38,36,
23/01/2014,45,40.5,36,
24/01/2014,45,38.9,32,
25/01/2014,45,38,30,
26/01/2014,46,42.9,39,
27/01/2014,43,39.3,37,
28/01/2014,43,40.5,37,
29/01/2014,39,37,34,
30/01/2014,45,38.8,36,
31/01/2014,46,38.9,27,
1/2/2014,48,44.8,43,
2/2/2014,46,41.7,36,
3/2/2014,46,37.6,28,
4/2/2014,50,42.8,34,
5/2/2014,50,45.9,39,
6/2/2014,50,45.7,41,
7/2/2014,54,47.4,43,
8/2/2014,48,45.8,43,
9/2/2014,46,43.2,41,
10/2/2014,46,41.6,37,
11/2/2014,48,43.2,39,
12/2/2014,50,43,39,
13/02/2014,46,41.7,39,
14/02/2014,57,42.3,37,
15/02/2014,57,51.3,46,
16/02/2014,50,44.9,41,
17/02/2014,52,44,36,
18/02/2014,46,42.2,36,
19/02/2014,50,46.3,43,
20/02/2014,52,48,45,
21/02/2014,48,45.5,43,
22/02/2014,50,44.6,41,
23/02/2014,55,46.4,36,
24/02/2014,57,45.8,34,
25/02/2014,54,48.9,43,
26/02/2014,52,45.7,41,
27/02/2014,45,41.8,37,
28/02/2014,45,42.2,36,
1/3/2014,46,42.3,36,
2/3/2014,48,42,36,
3/3/2014,50,43.9,41,
4/3/2014,48,41.4,32,
5/3/2014,54,41.8,30,
6/3/2014,57,42.6,30,
7/3/2014,55,46.6,32,
8/3/2014,63,49.5,39,
9/3/2014,70,51.4,34,
10/3/2014,66,49.7,34,
11/3/2014,59,49.7,45,
12/3/2014,64,49.7,39,
13/03/2014,64,49.6,32,
14/03/2014,61,49.1,37,
15/03/2014,52,49.5,46,
16/03/2014,59,52.5,46,
17/03/2014,55,51.7,48,
18/03/2014,52,49.8,48,
19/03/2014,63,54.5,48,
20/03/2014,72,57.8,46,
21/03/2014,57,49.8,43,
22/03/2014,50,45.3,41,
23/03/2014,48,42.7,37,
24/03/2014,50,43.6,36,
25/03/2014,52,41.4,30,
26/03/2014,48,41.9,36,
27/03/2014,52,42.4,34,
28/03/2014,63,50.7,37,
29/03/2014,66,53.6,39,
30/03/2014,68,55,41,
31/03/2014,70,59.5,46,
1/4/2014,70,60.6,52,
2/4/2014,70,57.4,45,
3/4/2014,70,59.1,48,
4/4/2014,61,56.4,54,
5/4/2014,64,55.7,50,
6/4/2014,64,57.2,45,
7/4/2014,72,62.5,57,
8/4/2014,57,51,46,
9/4/2014,59,50.8,43,
10/4/2014,63,53.2,43,
11/4/2014,59,54,48,
12/4/2014,59,51.6,39,
13/04/2014,57,51.5,48,
14/04/2014,54,49.5,45,
15/04/2014,52,46.4,41,
16/04/2014,59,47.4,36,
17/04/2014,64,52.7,37,
18/04/2014,55,49.7,46,
19/04/2014,61,51.4,43,
20/04/2014,70,58.8,50,
21/04/2014,68,56.7,46,
22/04/2014,64,56,48,
23/04/2014,70,58.5,48,
24/04/2014,64,57.3,50,
25/04/2014,75,61.9,52,
26/04/2014,66,56.7,43,
27/04/2014,63,56,46,
28/04/2014,64,56.4,45,
29/04/2014,59,56.7,54,
30/04/2014,61,52.3,43.6,
1/5/2014,66,55.4,48,
2/5/2014,55,53.1,50,
3/5/2014,59,50,41,
4/5/2014,59,49.6,36,
5/5/2014,70,56.4,41,
6/5/2014,68,58.6,52,
7/5/2014,61,55.2,50,
8/5/2014,57,54,52,
9/5/2014,63,57.1,54,
10/5/2014,59,53.3,50,
11/5/2014,55,52.6,50,
12/5/2014,57,51.8,48,
13/05/2014,59,51.6,46,
14/05/2014,59,43.8,0,
15/05/2014,61,51.6,41,
16/05/2014,66,55.2,43,
17/05/2014,70,59.5,46,
18/05/2014,73,62,46,
19/05/2014,77,66.1,50,
20/05/2014,79,67.4,57,
21/05/2014,70,62.7,55,
22/05/2014,72,64.3,59,
23/05/2014,68,61.2,54,
24/05/2014,64,59.6,54,
25/05/2014,70,61.6,54,
26/05/2014,68,61,55,
27/05/2014,63,59.1,57,
28/05/2014,61,57.2,55,
29/05/2014,66,57.8,48,
30/05/2014,64,56.1,50,
31/05/2014,66,57.2,45,
1/6/2014,66,58.3,48,
2/6/2014,70,59.9,48,
3/6/2014,70,59,48,
4/6/2014,63,57.2,54,
5/6/2014,66,56.3,48,
6/6/2014,75,62.6,45,
7/6/2014,81,70.4,57,
8/6/2014,81,70.3,61,
9/6/2014,81,71.1,63,
10/6/2014,77,68,63,
11/6/2014,72,65.9,61,
12/6/2014,73,63.7,48,
13/06/2014,73,65.3,55,
14/06/2014,66,62.2,57,
15/06/2014,68,59.7,54,
16/06/2014,66,58.4,52,
17/06/2014,66,60.6,55,
18/06/2014,68,60,50,
19/06/2014,66,59.1,52,
20/06/2014,64,59.5,55,
21/06/2014,73,61.4,46,
22/06/2014,72,63.3,54,
23/06/2014,72,62.7,48,
24/06/2014,75,64.9,52,
25/06/2014,68,60.3,52,
26/06/2014,73,63.8,54,
27/06/2014,73,63.8,55,
28/06/2014,70,60.9,57,
29/06/2014,66,60.2,55,
30/06/2014,68,60.8,55,
1/7/2014,68,59.6,46,
2/7/2014,73,62.2,52,
3/7/2014,81,68.7,48,
4/7/2014,84,71.4,57,
5/7/2014,73,68.2,64,
6/7/2014,75,66.1,59,
7/7/2014,72,63.3,54,
8/7/2014,64,59.1,57,
9/7/2014,61,58.4,55,
10/7/2014,68,64.2,61,
11/7/2014,66,62.5,61,
12/7/2014,64,62.4,61,
13/07/2014,70,64,61,
14/07/2014,72,65.9,61,
15/07/2014,70,63.8,57,
16/07/2014,79,68.5,55,
17/07/2014,82,73.3,61,
18/07/2014,90,78.4,64,
19/07/2014,91,80,68,
20/07/2014,79,71.7,66,
21/07/2014,70,67,64,
22/07/2014,82,72.6,64,
23/07/2014,84,75.3,66,
24/07/2014,82,73.1,64,
25/07/2014,73,67.6,61,
26/07/2014,79,69.8,63,
27/07/2014,81,70.5,64,
28/07/2014,70,65.9,61,
29/07/2014,79,69.5,63,
30/07/2014,72,66.3,59,
31/07/2014,77,66.7,54,
1/8/2014,79,70,59,
2/8/2014,79,71.2,64,
3/8/2014,77,69.2,61,
4/8/2014,75,67,61,
5/8/2014,75,66.5,55,
6/8/2014,70,63.4,57,
7/8/2014,77,65.1,59,
8/8/2014,68,64.9,61,
9/8/2014,73,67.4,61,
10/8/2014,72,65.1,59,
11/8/2014,70,63,57,
12/8/2014,68,61.7,57,
13/08/2014,68,65.1,61,
14/08/2014,66,60.8,57,
15/08/2014,66,59.9,54,
16/08/2014,66,60.8,55,
17/08/2014,63,59.2,55,
18/08/2014,63,58.4,55,
19/08/2014,63,57.1,54,
20/08/2014,66,55.6,46,
21/08/2014,66,57.5,48,
22/08/2014,63,57,54,
23/08/2014,64,57.5,50,
24/08/2014,64,55.9,50,
25/08/2014,64,55.8,46,
26/08/2014,59,56.9,55,
27/08/2014,70,59.8,48,
28/08/2014,72,62.9,52,
29/08/2014,70,64,59,
30/08/2014,66,62.3,59,
31/08/2014,66,60.3,57,
1/9/2014,70,61.3,50,
2/9/2014,73,63.9,54,
3/9/2014,72,63.6,57,
4/9/2014,73,65.5,57,
5/9/2014,75,68,63,
6/9/2014,68,64.9,59,
7/9/2014,72,63.2,55,
8/9/2014,70,61.6,54,
9/9/2014,64,58.6,50,
10/9/2014,66,59.9,55,
11/9/2014,70,60.4,52,
12/9/2014,70,61.1,52,
13/09/2014,70,61.8,55,
14/09/2014,68,61.1,57,
15/09/2014,73,63,55,
16/09/2014,73,63.4,52,
17/09/2014,77,64.8,52,
18/09/2014,75,66.6,57,
19/09/2014,79,68,57,
20/09/2014,72,66.1,61,
21/09/2014,66,62,59,
22/09/2014,63,59,52,
23/09/2014,64,56.2,48,
24/09/2014,61,56.5,54,
25/09/2014,64,57.7,52,
26/09/2014,64,59.2,54,
27/09/2014,70,61.6,54,
28/09/2014,72,60.5,52,
29/09/2014,66,60.6,52,
30/09/2014,70,63.2,55,
1/10/2014,72,62.6,54,
2/10/2014,68,61.4,52,
3/10/2014,73,61.1,52,
4/10/2014,72,59.9,50,
5/10/2014,57,55.4,54,
6/10/2014,61,55.6,54,
7/10/2014,59,54.9,50,
8/10/2014,63,56,48,
9/10/2014,64,60.1,57,
10/10/2014,64,58.1,50,
11/10/2014,59,52.6,46,
12/10/2014,63,54.1,43,
13/10/2014,63,58.5,52,
14/10/2014,59,55.5,50,
15/10/2014,63,56.7,54,
16/10/2014,64,58.8,54,
17/10/2014,66,59.9,54,
18/10/2014,75,64.3,54,
19/10/2014,72,65.1,61,
20/10/2014,64,59.1,55,
21/10/2014,55,53.6,48,
22/10/2014,54,50,46,
23/10/2014,57,53.2,50,
24/10/2014,57,54,52,
25/10/2014,59,55.2,54,
26/10/2014,61,56.2,54,
27/10/2014,64,56.2,48,
28/10/2014,57,48.4,0,
29/10/2014,54,51.4,48,
30/10/2014,63,56.3,52,
31/10/2014,68,54.3,46,
1/11/2014,66,57.4,46,
2/11/2014,64,59.4,54,
3/11/2014,61,55.1,50,
4/11/2014,52,48.7,45,
5/11/2014,50,44.5,37,
6/11/2014,50,45.2,41,
7/11/2014,54,48.3,41,
8/11/2014,57,51,46,
9/11/2014,57,50.1,41,
10/11/2014,55,49.9,39,
11/11/2014,57,46,37,
12/11/2014,57,50.6,41,
13/11/2014,55,45.3,36,
14/11/2014,54,48.6,43,
15/11/2014,52,49.3,45,
16/11/2014,50,46.6,43,
17/11/2014,52,48.2,45,
18/11/2014,48,46.5,43,
19/11/2014,48,46.5,41,
20/11/2014,48,43.2,39,
21/11/2014,46,40.7,34,
22/11/2014,59,47.1,37,
23/11/2014,59,51.5,45,
24/11/2014,52,44.6,34,
25/11/2014,46,40.2,30,
26/11/2014,46,43.5,39,
27/11/2014,50,48,46,
28/11/2014,50,45.6,41,
29/11/2014,46,39.4,34,
30/11/2014,37,36.8,36,
1/12/2014,37,36.8,36,
2/12/2014,36,35.6,34,
3/12/2014,36,32,28,
4/12/2014,36,32.7,28,
5/12/2014,41,39,36,
6/12/2014,48,42.1,30,
7/12/2014,43,38.8,30,
8/12/2014,39,37.7,34,
9/12/2014,45,41.2,36,
10/12/2014,50,44.2,41,
11/12/2014,46,44,41,
12/12/2014,50,47.5,43,
13/12/2014,43,41.3,39,
14/12/2014,43,37.2,32,
15/12/2014,45,41.6,37,
16/12/2014,46,43.4,39,
17/12/2014,52,46.7,39,
18/12/2014,55,53.8,50,
19/12/2014,55,49.4,43,
20/12/2014,48,45,41,
21/12/2014,46,43.9,41,
22/12/2014,55,51.2,48,
23/12/2014,54,52.4,50,
24/12/2014,50,47.6,43,
25/12/2014,46,42.3,39,
26/12/2014,43,38.9,36,
27/12/2014,39,33.6,30,
28/12/2014,30,27,21,
29/12/2014,43,37.1,28,
30/12/2014,43,39.6,37,
31/12/2014,45,39.4,36,
1/1/2015,41,37.3,34,
2/1/2015,50,44,39,
3/1/2015,41,37.8,36,
4/1/2015,45,39.6,34,
5/1/2015,39,34.6,27,
6/1/2015,41,32.8,27,
7/1/2015,45,40.2,37,
8/1/2015,48,44.2,39,
9/1/2015,57,49.8,43,
10/1/2015,57,51.3,43,
11/1/2015,46,42.8,39,
12/1/2015,52,47.3,43,
13/01/2015,52,48.9,43,
14/01/2015,45,40.3,37,
15/01/2015,52,47.9,45,
16/01/2015,46,43.1,39,
17/01/2015,41,37.7,34,
18/01/2015,41,37.7,34,
19/01/2015,37,34.4,30,
20/01/2015,39,33.5,28,
21/01/2015,36,30.8,28,
22/01/2015,32,29.8,27,
23/01/2015,32,28.9,27,
24/01/2015,45,36.8,30,
25/01/2015,43,38.8,32,
26/01/2015,48,43.8,41,
27/01/2015,45,41.5,39,
28/01/2015,46,42.4,39,
29/01/2015,41,37.6,34,
30/01/2015,39,35.7,34,
31/01/2015,41,36.6,34,
1/2/2015,41,37.8,34,
2/2/2015,39,35.1,32,
3/2/2015,39,35.2,32,
4/2/2015,43,34.8,25,
5/2/2015,36,31,25,
6/2/2015,37,31.5,28,
7/2/2015,43,35,28,
8/2/2015,45,41.3,37,
9/2/2015,43,39.9,36,
10/2/2015,45,42.1,41,
11/2/2015,43,38.1,30,
12/2/2015,45,36.9,28,
13/02/2015,54,41.4,28,
14/02/2015,50,45.1,39,
15/02/2015,50,41.7,34,
16/02/2015,45,35.5,25,
17/02/2015,48,41.1,32,
18/02/2015,39,31.6,25,
19/02/2015,43,39,32,
20/02/2015,45,43,39,
21/02/2015,43,39.7,36,
22/02/2015,45,39,34,
23/02/2015,50,42.6,39,
24/02/2015,48,41.9,39,
25/02/2015,43,40.8,36,
26/02/2015,50,44.8,39,
27/02/2015,46,42.1,34,
28/02/2015,50,41.6,34,
1/3/2015,52,48.7,43,
2/3/2015,48,42.9,37,
3/3/2015,45,40.5,37,
4/3/2015,45,41.6,36,
5/3/2015,50,43,37,
6/3/2015,48,43.9,41,
7/3/2015,57,48.2,41,
8/3/2015,63,50.7,39,
9/3/2015,54,48.8,45,
10/3/2015,54,49,41,
11/3/2015,50,40,30,
12/3/2015,55,42.5,28,
13/03/2015,50,41.3,32,
14/03/2015,45,39.9,34,
15/03/2015,45,42,39,
16/03/2015,52,43,36,
17/03/2015,63,47.5,32,
18/03/2015,50,45.6,43,
19/03/2015,46,43.8,41,
20/03/2015,45,42.7,41,
21/03/2015,48,43.6,39,
22/03/2015,45,41.1,36,
23/03/2015,52,39.4,28,
24/03/2015,52,41.2,28,
25/03/2015,45,43.5,41,
26/03/2015,46,41.1,36,
27/03/2015,52,44.9,34,
28/03/2015,55,45.3,32,
29/03/2015,54,51,48,
30/03/2015,50,46.9,45,
31/03/2015,54,50.6,45,
1/4/2015,50,45.8,43,
2/4/2015,46,44.5,39,
3/4/2015,48,42,34,
4/4/2015,46,42.8,39,
5/4/2015,52,43.2,36,
6/4/2015,50,43,36,
7/4/2015,57,45.5,32,
8/4/2015,57,47.7,36,
9/4/2015,66,51.9,39,
10/4/2015,72,55.6,37,
11/4/2015,59,52.5,39,
12/4/2015,63,51.9,41,
13/04/2015,57,50.5,43,
14/04/2015,72,58.3,41,
15/04/2015,77,64.1,52,
16/04/2015,63,53.8,45,
17/04/2015,55,49.5,43,
18/04/2015,59,49.1,39,
19/04/2015,57,48.2,37,
20/04/2015,66,54.1,41,
21/04/2015,68,54.5,43,
22/04/2015,57,48.4,41,
23/04/2015,61,50.6,39,
24/04/2015,72,56.3,37,
25/04/2015,61,56.3,52,
26/04/2015,59,55.1,50,
27/04/2015,55,49,43,
28/04/2015,54,46.6,36,
29/04/2015,59,49.3,37,
30/04/2015,57,50.4,45,
1/5/2015,57,49.2,37,
2/5/2015,61,52,43,
3/5/2015,64,56.5,48,
4/5/2015,70,60.2,54,
5/5/2015,72,62,57,
6/5/2015,63,56,50,
7/5/2015,61,53.6,50,
8/5/2015,66,58.6,48,
9/5/2015,64,59.4,55,
10/5/2015,68,58.2,48,
11/5/2015,79,65.2,50,
12/5/2015,64,60.3,55,
13/05/2015,66,56.9,48,
14/05/2015,63,52.6,45,
15/05/2015,61,52.8,46,
16/05/2015,59,51.6,43,
17/05/2015,63,54.4,41,
18/05/2015,63,54.2,45,
19/05/2015,55,50.7,46,
20/05/2015,59,50.7,43,
21/05/2015,63,55.3,46,
22/05/2015,68,58.8,52,
23/05/2015,63,58.2,50,
24/05/2015,68,56.6,45,
25/05/2015,63,56.9,50,
26/05/2015,63,55.3,45,
27/05/2015,66,57.6,43,
28/05/2015,64,58.8,55,
29/05/2015,59,53.8,50,
30/05/2015,59,53.3,46,
31/05/2015,61,56.2,46,
1/6/2015,61,55.6,50,
2/6/2015,66,59.9,54,
3/6/2015,64,59.5,50,
4/6/2015,73,60.8,43,
5/6/2015,91,70.9,54,
6/6/2015,68,61.9,57,
7/6/2015,66,59,50,
8/6/2015,64,55.5,46,
9/6/2015,61,54,48,
10/6/2015,72,60.4,48,
11/6/2015,79,66.8,54,
12/6/2015,84,71.8,57,
13/06/2015,72,65.9,59,
14/06/2015,72,62.1,54,
15/06/2015,66,60,55,
16/06/2015,64,56.5,48,
17/06/2015,75,62.2,45,
18/06/2015,64,59.8,55,
19/06/2015,61,56.8,54,
20/06/2015,64,57.9,52,
21/06/2015,70,61.9,57,
22/06/2015,59,54.9,50,
23/06/2015,61,55.8,52,
24/06/2015,70,61.9,54,
25/06/2015,75,65.8,55,
26/06/2015,81,69.9,55,
27/06/2015,73,67.3,61,
28/06/2015,75,66.3,52,
29/06/2015,75,67.8,61,
30/06/2015,84,71.2,55,
1/7/2015,95,79.5,61,
2/7/2015,84,77.7,70,
3/7/2015,90,78.5,66,
4/7/2015,93,80.9,72,
5/7/2015,81,70.3,63,
6/7/2015,77,67.3,57,
7/7/2015,75,71,64,
8/7/2015,66,61.3,57,
9/7/2015,66,59.6,54,
10/7/2015,75,62.3,46,
11/7/2015,82,70,57,
12/7/2015,68,62.9,59,
13/07/2015,64,63.3,61,
14/07/2015,68,64.2,63,
15/07/2015,70,65.4,61,
16/07/2015,81,69,57,
17/07/2015,81,74,68,
18/07/2015,75,66.3,59,
19/07/2015,72,64.5,59,
20/07/2015,75,66.3,52,
21/07/2015,77,71.5,66,
22/07/2015,75,68.7,63,
23/07/2015,73,65.5,57,
24/07/2015,77,67.7,59,
25/07/2015,66,60.3,55,
26/07/2015,68,58.7,52,
27/07/2015,68,62.2,57,
28/07/2015,66,61.3,57,
29/07/2015,66,60,54,
30/07/2015,63,57.2,54,
31/07/2015,68,58.1,45,
1/8/2015,73,63.8,52,
2/8/2015,79,66.5,50,
3/8/2015,88,73.8,57,
4/8/2015,72,66.3,61,
5/8/2015,82,68.7,55,
6/8/2015,82,71,57,
7/8/2015,82,69.9,57,
8/8/2015,75,69.2,64,
9/8/2015,73,66.5,55,
10/8/2015,77,69,61,
11/8/2015,79,68.8,61,
12/8/2015,81,71.8,66,
13/08/2015,90,72.9,61,
14/08/2015,77,69.7,64,
15/08/2015,68,63.9,61,
16/08/2015,68,63,59,
17/08/2015,64,59.4,55,
18/08/2015,64,58.5,54,
19/08/2015,73,64.1,55,
20/08/2015,75,64.9,54,
21/08/2015,81,69.7,57,
22/08/2015,81,70.8,59,
23/08/2015,82,66.9,59,
24/08/2015,72,62.8,55,
25/08/2015,68,62.3,59,
26/08/2015,79,70,63,
27/08/2015,68,61.1,57,
28/08/2015,70,61.6,54,
29/08/2015,75,64.7,48,
30/08/2015,84,72.7,63,
31/08/2015,84,71.1,64,
1/9/2015,66,62.7,59,
2/9/2015,66,59.6,55,
3/9/2015,63,57,50,
4/9/2015,61,56.3,54,
5/9/2015,61,56.2,52,
6/9/2015,61,55.9,52,
7/9/2015,64,58.5,54,
8/9/2015,64,59.1,55,
9/9/2015,68,59.9,52,
10/9/2015,68,58.6,50,
11/9/2015,68,58.1,48,
12/9/2015,70,60,54,
13/09/2015,66,59.6,50,
14/09/2015,66,58.1,54,
15/09/2015,63,56.8,52,
16/09/2015,68,59.8,52,
17/09/2015,63,59.3,55,
18/09/2015,63,57.4,50,
19/09/2015,64,57.9,55,
20/09/2015,66,57.8,50,
21/09/2015,64,56.1,46,
22/09/2015,61,55,52,
23/09/2015,61,55.5,52,
24/09/2015,61,56.5,54,
25/09/2015,63,56,52,
26/09/2015,63,52.6,41,
27/09/2015,63,54.1,46,
28/09/2015,63,53.9,46,
29/09/2015,64,54.3,45,
30/09/2015,64,54.8,46,
1/10/2015,63,53.4,45,
2/10/2015,64,52.5,41,
3/10/2015,66,54,43,
4/10/2015,64,52.7,43,
5/10/2015,63,54.9,48,
6/10/2015,66,60.6,57,
7/10/2015,61,58.6,55,
8/10/2015,59,55.4,45,
9/10/2015,61,51.7,41,
10/10/2015,55,51.6,46,
11/10/2015,55,46.2,39,
12/10/2015,52,43.2,36,
13/10/2015,43,39.9,37,
14/10/2015,46,41.4,37,
15/10/2015,45,40.9,36,
16/10/2015,46,45.4,45,
17/10/2015,50,46.5,43,
18/10/2015,54,48.4,43,
19/10/2015,54,52,48,
20/10/2015,55,50.4,41,
21/10/2015,54,50,45,
22/10/2015,59,54.3,52,
23/10/2015,57,54.1,50,
24/10/2015,61,54,50,
25/10/2015,55,51.6,43,
26/10/2015,59,49.3,41,
27/10/2015,64,51.6,41,
28/10/2015,57,54.3,50,
29/10/2015,59,52.9,43,
30/10/2015,59,48.3,39,
31/10/2015,61,47.8,39,
1/11/2015,61,46.9,36,
2/11/2015,55,42.2,34,
3/11/2015,63,47.8,34,
4/11/2015,61,54.7,45,
5/11/2015,64,57.5,48,
6/11/2015,63,61.2,57,
7/11/2015,68,63.3,57,
8/11/2015,64,58,46,
9/11/2015,63,58.3,57,
10/11/2015,59,56.7,55,
11/11/2015,57,54.9,54,
12/11/2015,61,56.2,52,
13/11/2015,57,53.2,46,
14/11/2015,54,48.9,46,
15/11/2015,61,58.1,54,
16/11/2015,57,55,54,
17/11/2015,61,58.3,55,
18/11/2015,59,56.2,55,
19/11/2015,57,52.2,48,
20/11/2015,50,47.2,43,
21/11/2015,45,40.3,36,
22/11/2015,41,37.6,34,
23/11/2015,45,38.2,28,
24/11/2015,43,39.4,36,
25/11/2015,46,44,41,
26/11/2015,48,40.4,34,
27/11/2015,43,40.4,36,
28/11/2015,46,44.3,41,
29/11/2015,55,51.6,46,
30/11/2015,55,51.4,46,
1/12/2015,55,52.1,48,
2/12/2015,55,52.6,50,
3/12/2015,54,50.2,48,
4/12/2015,52,48.9,46,
5/12/2015,48,45.9,45,
6/12/2015,54,50.8,45,
7/12/2015,55,50.8,41,
8/12/2015,55,49,41,
9/12/2015,50,46.3,43,
10/12/2015,45,42.1,39,
11/12/2015,48,44.3,41,
12/12/2015,52,47.4,43,
13/12/2015,52,46.5,45,
14/12/2015,46,43.6,37,
15/12/2015,50,45.2,39,
16/12/2015,55,53.6,50,
17/12/2015,61,58,55,
18/12/2015,55,54.3,52,
19/12/2015,59,55.1,52,
20/12/2015,55,54.4,52,
21/12/2015,54,52.5,50,
22/12/2015,57,55.4,54,
23/12/2015,55,51.9,43,
24/12/2015,55,50.6,45,
25/12/2015,57,49.8,46,
26/12/2015,57,55.1,52,
27/12/2015,57,52.9,50,
28/12/2015,54,44,37,
29/12/2015,54,46.8,37,
30/12/2015,50,45.7,43,
31/12/2015,52,47.8,45,
1/1/2016,48,42.6,34,
2/1/2016,52,46,41,
3/1/2016,48,45,41,
4/1/2016,48,44.7,41,
5/1/2016,46,44.8,43,
6/1/2016,48,43.3,37,
7/1/2016,48,44,39,
8/1/2016,46,41.7,37,
9/1/2016,48,43.8,41,
10/1/2016,48,45.3,43,
11/1/2016,46,42.1,36,
12/1/2016,46,43.3,41,
13/01/2016,45,42,37,
14/01/2016,43,39,34,
15/01/2016,41,37.7,32,
16/01/2016,43,38.4,34,
17/01/2016,39,32.8,23,
18/01/2016,30,24.3,19,
19/01/2016,34,28.1,21,
20/01/2016,36,33.7,30,
21/01/2016,41,31.3,25,
22/01/2016,41,33.5,25,
23/01/2016,46,43.6,41,
24/01/2016,48,45.7,43,
25/01/2016,59,50.6,43,
26/01/2016,54,50.8,48,
27/01/2016,54,52.3,50,
28/01/2016,52,45.1,41,
29/01/2016,50,46.6,41,
30/01/2016,50,44.8,39,
31/01/2016,55,45.3,39,
1/2/2016,55,53.3,52,
2/2/2016,54,48.8,43,
3/2/2016,45,41.4,39,
4/2/2016,50,42.9,39,
5/2/2016,52,48.9,45,
6/2/2016,55,50.4,48,
7/2/2016,55,48.6,45,
8/2/2016,50,47.6,46,
9/2/2016,46,41.4,37,
10/2/2016,46,40.7,37,
11/2/2016,46,40.2,36,
12/2/2016,45,38.3,32,
13/02/2016,39,33.7,27,
14/02/2016,37,36.3,34,
15/02/2016,43,38.1,34,
16/02/2016,41,32.1,23,
17/02/2016,41,31.3,21,
18/02/2016,41,35.9,30,
19/02/2016,46,40,34,
20/02/2016,52,46.8,0,
21/02/2016,54,52.9,50,
22/02/2016,54,46,39,
23/02/2016,46,41.9,39,
24/02/2016,45,37.8,28,
25/02/2016,39,35.7,30,
26/02/2016,43,37.5,34,
27/02/2016,45,37.7,32,
28/02/2016,45,37.5,32,
29/02/2016,45,37.7,32,
1/3/2016,46,36.5,25,
2/3/2016,48,43.2,37,
3/3/2016,46,39.5,34,
4/3/2016,45,38.3,28,
5/3/2016,43,35.4,25,
6/3/2016,45,39.9,36,
7/3/2016,43,37.3,32,
8/3/2016,45,39.8,30,
9/3/2016,46,41.6,36,
10/3/2016,50,40.7,30,
11/3/2016,50,41.1,32,
12/3/2016,52,39.8,30,
13/03/2016,50,39.9,30,
14/03/2016,48,39.2,30,
15/03/2016,50,41.6,34,
16/03/2016,48,41.5,36,
17/03/2016,52,42.7,32,
18/03/2016,45,40.6,36,
19/03/2016,46,43.7,41,
20/03/2016,50,44.6,41,
21/03/2016,50,46.4,43,
22/03/2016,54,46.3,39,
23/03/2016,50,46.2,43,
24/03/2016,50,46.9,45,
25/03/2016,50,46,41,
26/03/2016,61,47.1,30,
27/03/2016,55,49.6,45,
28/03/2016,55,50.1,45,
29/03/2016,55,47.6,43,
30/03/2016,55,49.4,46,
31/03/2016,50,46.5,43,
1/4/2016,55,46.5,37,
2/4/2016,55,50.8,46,
3/4/2016,70,60.8,54,
4/4/2016,61,55.9,50,
5/4/2016,59,51.7,48,
6/4/2016,54,48.9,45,
7/4/2016,50,45.2,41,
8/4/2016,54,46.3,37,
9/4/2016,59,48.9,34,
10/4/2016,59,50.6,39,
11/4/2016,68,56.8,48,
12/4/2016,63,53.9,45,
13/04/2016,59,49.2,39,
14/04/2016,63,50.1,36,
15/04/2016,63,53,48,
16/04/2016,54,49.6,45,
17/04/2016,52,45.5,41,
18/04/2016,54,47.2,32,
19/04/2016,57,50.5,45,
20/04/2016,59,48.6,37,
21/04/2016,66,53.7,39,
22/04/2016,57,51,45,
23/04/2016,50,45.4,43,
24/04/2016,46,41.5,37,
25/04/2016,48,41.5,37,
26/04/2016,46,41,37,
27/04/2016,48,42.5,37,
28/04/2016,50,41.5,32,
29/04/2016,50,46.3,41,
30/04/2016,52,47.5,43,
1/5/2016,57,48.7,39,
2/5/2016,64,52.5,36,
3/5/2016,57,51.8,43,
4/5/2016,63,49.9,34,
5/5/2016,68,55.6,39,
6/5/2016,77,62.2,43,
7/5/2016,81,66.4,50,
8/5/2016,81,68.3,52,
9/5/2016,77,68.2,57,
10/5/2016,70,63.7,59,
11/5/2016,77,66.3,55,
12/5/2016,77,67.4,57,
13/05/2016,75,64.6,52,
14/05/2016,55,49.5,45,
15/05/2016,54,49.1,45,
16/05/2016,57,50.9,45,
17/05/2016,64,55.5,45,
18/05/2016,66,58.3,52,
19/05/2016,66,57.4,48,
20/05/2016,68,58.7,54,
21/05/2016,73,65,54,
22/05/2016,66,60.8,55,
23/05/2016,57,54,52,
24/05/2016,59,53.8,50,
25/05/2016,61,54,48,
26/05/2016,70,60.3,48,
27/05/2016,72,63.3,57,
28/05/2016,73,63.9,54,
29/05/2016,68,62.9,59,
30/05/2016,59,58,57,
31/05/2016,66,62.2,57,
1/6/2016,64,60.8,57,
2/6/2016,63,59.1,55,
3/6/2016,66,58.7,54,
4/6/2016,68,59.9,54,
5/6/2016,77,65.7,55,
6/6/2016,81,68.8,57,
7/6/2016,82,71.2,64,
8/6/2016,73,66.1,57,
9/6/2016,70,61.6,55,
10/6/2016,72,62.8,50,
11/6/2016,72,64.5,59,
12/6/2016,72,64.7,61,
13/06/2016,64,61.1,57,
14/06/2016,66,60.9,57,
15/06/2016,64,58.9,55,
16/06/2016,66,58.1,48,
17/06/2016,66,60.3,57,
18/06/2016,63,58.5,55,
19/06/2016,68,59.7,54,
20/06/2016,64,61.1,57,
21/06/2016,68,63.6,61,
22/06/2016,79,68.9,55,
23/06/2016,84,73.2,66,
24/06/2016,73,68.8,63,
25/06/2016,64,60.9,55,
26/06/2016,63,58.3,54,
27/06/2016,66,60.1,55,
28/06/2016,72,64.1,57,
29/06/2016,68,61.3,57,
30/06/2016,68,62.6,59,
1/7/2016,66,63.4,61,
2/7/2016,66,59.9,55,
3/7/2016,68,60.9,54,
4/7/2016,73,63.6,52,
5/7/2016,68,61.2,0,
6/7/2016,68,62.3,55,
7/7/2016,73,64,52,
8/7/2016,73,67.2,61,
9/7/2016,77,69,61,
10/7/2016,84,72,61,
11/7/2016,72,66.8,63,
12/7/2016,70,62.3,59,
13/07/2016,66,59.1,54,
14/07/2016,68,60.1,55,
15/07/2016,72,62.2,52,
16/07/2016,77,67.8,61,
17/07/2016,77,70.1,64,
18/07/2016,82,72.1,59,
19/07/2016,88,76.4,63,
20/07/2016,93,78.8,64,
21/07/2016,79,71.8,64,
22/07/2016,79,69.9,64,
23/07/2016,77,70.3,66,
24/07/2016,79,69.8,63,
25/07/2016,75,68.8,63,
26/07/2016,73,66.4,57,
27/07/2016,72,65.5,57,
28/07/2016,75,67.5,61,
29/07/2016,72,66.3,59,
30/07/2016,73,64.8,61,
31/07/2016,70,65.3,55,
1/8/2016,70,63,54,
2/8/2016,66,61.7,57,
3/8/2016,66,64.6,63,
4/8/2016,70,63.8,59,
5/8/2016,70,63.3,57,
6/8/2016,72,63.6,55,
7/8/2016,75,66.1,54,
8/8/2016,70,65,59,
9/8/2016,66,60,52,
10/8/2016,63,56.9,52,
11/8/2016,61,56.3,48,
12/8/2016,75,67.1,61,
13/08/2016,75,65.8,59,
14/08/2016,72,64.4,55,
15/08/2016,72,64.5,57,
16/08/2016,75,64.3,55,
17/08/2016,77,66.1,54,
18/08/2016,77,66.3,55,
19/08/2016,73,65.8,57,
20/08/2016,73,66,61,
21/08/2016,70,62.8,57,
22/08/2016,77,65.8,57,
23/08/2016,84,69.3,52,
24/08/2016,91,75.3,61,
25/08/2016,91,76.9,63,
26/08/2016,82,75.1,66,
27/08/2016,84,73.9,64,
28/08/2016,79,71.3,64,
29/08/2016,72,65.8,61,
30/08/2016,75,63.9,50,
31/08/2016,79,66.3,50,
1/9/2016,73,65.9,57,
2/9/2016,72,62.9,54,
3/9/2016,73,65,57,
4/9/2016,70,65.8,63,
5/9/2016,73,66.2,61,
6/9/2016,75,67.1,61,
7/9/2016,81,68,54,
8/9/2016,82,68.6,55,
9/9/2016,73,64,55,
10/9/2016,79,67,52,
11/9/2016,72,67.2,64,
12/9/2016,84,72.7,63,
13/09/2016,90,74.5,64,
14/09/2016,88,74.1,63,
15/09/2016,82,70.6,63,
16/09/2016,72,64.1,57,
17/09/2016,70,64.2,59,
18/09/2016,70,64.5,61,
19/09/2016,70,61.7,54,
20/09/2016,70,59.4,50,
21/09/2016,70,58.8,48,
22/09/2016,72,60.5,48,
23/09/2016,68,60.5,52,
24/09/2016,77,61.1,48,
25/09/2016,73,60.1,50,
26/09/2016,63,56.8,50,
27/09/2016,72,57.7,43,
28/09/2016,73,66.4,61,
29/09/2016,66,61.6,59,
30/09/2016,64,58.8,55,
1/10/2016,64,56.7,52,
2/10/2016,59,54.4,52,
3/10/2016,64,57.8,52,
4/10/2016,59,54.6,50,
5/10/2016,59,51.1,45,
6/10/2016,55,48.8,41,
7/10/2016,55,52.8,48,
8/10/2016,59,52.2,45,
9/10/2016,57,49.6,41,
10/10/2016,59,50.6,43,
11/10/2016,57,46.6,34,
12/10/2016,50,48.9,46,
13/10/2016,55,48.4,43,
14/10/2016,55,50.1,45,
15/10/2016,61,53.7,50,
16/10/2016,70,56.2,45,
17/10/2016,63,55.1,46,
18/10/2016,55,51.8,48,
19/10/2016,54,49.6,46,
20/10/2016,57,49.7,45,
21/10/2016,54,45.9,36,
22/10/2016,52,47.1,37,
23/10/2016,45,39.4,34,
24/10/2016,50,46.6,43,
25/10/2016,54,49.6,45,
26/10/2016,57,48,39,
27/10/2016,57,52.5,48,
28/10/2016,57,55.5,54,
29/10/2016,61,54.5,43,
30/10/2016,59,49.8,41,
31/10/2016,63,50.1,41,
1/11/2016,59,48.9,37,
2/11/2016,52,47.6,45,
3/11/2016,54,47,43,
4/11/2016,50,46.1,43,
5/11/2016,50,46,45,
6/11/2016,46,43.2,41,
7/11/2016,43,41.7,41,
8/11/2016,43,38.6,32,
9/11/2016,41,39.3,30,
10/11/2016,48,45.1,41,
11/11/2016,43,38.3,25,
12/11/2016,41,35.2,25,
13/11/2016,43,41,39,
14/11/2016,45,42,34,
15/11/2016,55,50.7,45,
16/11/2016,57,54.8,52,
17/11/2016,54,51.1,46,
18/11/2016,46,42.6,37,
19/11/2016,46,43.6,41,
20/11/2016,55,50.3,43,
21/11/2016,59,54.4,50,
22/11/2016,57,51.9,43,
23/11/2016,54,48.9,41,
24/11/2016,50,46.9,41,
25/11/2016,46,40,34,
26/11/2016,46,38.7,30,
27/11/2016,48,42.9,32,
28/11/2016,41,35.1,30,
29/11/2016,39,29.8,21,
30/11/2016,43,33.1,19,
1/12/2016,45,40.9,36,
2/12/2016,50,45.7,39,
3/12/2016,43,35.5,27,
4/12/2016,39,31.4,27,
5/12/2016,45,30.9,23,
6/12/2016,46,32.8,25,
7/12/2016,50,43.9,30,
8/12/2016,48,46.4,43,
9/12/2016,54,48.7,46,
10/12/2016,48,45.6,43,
11/12/2016,50,47.2,45,
12/12/2016,46,44.3,41,
13/12/2016,46,44.2,43,
14/12/2016,50,42.9,36,
15/12/2016,46,37.6,30,
16/12/2016,48,40.6,34,
17/12/2016,46,43.1,39,
18/12/2016,46,44.8,43,
19/12/2016,46,42.5,34,
20/12/2016,37,33.1,28,
21/12/2016,45,40.8,36,
22/12/2016,45,43.7,41,
23/12/2016,46,43.1,41,
24/12/2016,48,46.4,45,
25/12/2016,52,49.9,48,
26/12/2016,54,46.8,39,
27/12/2016,48,41,30,
28/12/2016,37,35.4,30,
29/12/2016,32,29.7,27,
30/12/2016,39,29.3,21,
31/12/2016,32,29.5,28,
1/1/2017,32,29.5,27,
2/1/2017,45,36.5,32,
3/1/2017,41,37.6,34,
4/1/2017,46,42.4,39,
5/1/2017,41,35.9,27,
6/1/2017,34,27,21,
7/1/2017,36,30.5,28,
8/1/2017,45,39.8,34,
9/1/2017,43,41.2,39,
10/1/2017,45,42,39,
11/1/2017,52,45.1,43,
12/1/2017,45,41.7,36,
13/01/2017,43,37.7,32,
14/01/2017,39,36.8,34,
15/01/2017,37,35.2,32,
16/01/2017,36,33.8,30,
17/01/2017,32,27.9,25,
18/01/2017,32,27,23,
19/01/2017,37,29.7,23,
20/01/2017,43,32,23,
21/01/2017,39,29.7,21,
22/01/2017,39,27.6,18,
23/01/2017,39,35.2,32,
24/01/2017,36,33.9,32,
25/01/2017,34,30.1,23,
26/01/2017,32,26.8,21,
27/01/2017,45,32.6,19,
28/01/2017,52,45.8,39,
29/01/2017,45,41.5,39,
30/01/2017,46,43.6,39,
31/01/2017,39,36.6,30,
1/2/2017,46,40.9,34,
2/2/2017,57,50.1,41,
3/2/2017,54,49.2,43,
4/2/2017,46,41.7,34,
5/2/2017,46,41.9,36,
6/2/2017,46,42,37,
7/2/2017,43,41,39,
8/2/2017,43,37.2,34,
9/2/2017,36,33.3,30,
10/2/2017,32,29.8,27,
11/2/2017,34,32.5,30,
12/2/2017,43,37.7,34,
13/02/2017,46,39.2,32,
14/02/2017,54,41.1,30,
15/02/2017,59,45.6,32,
16/02/2017,54,47.3,43,
17/02/2017,48,45.5,43,
18/02/2017,54,44.4,36,
19/02/2017,48,43.1,36,
20/02/2017,52,49,46,
21/02/2017,52,51.3,50,
22/02/2017,52,50.4,50,
23/02/2017,54,48.6,43,
24/02/2017,46,42.2,39,
25/02/2017,50,42.7,36,
26/02/2017,52,48.2,45,
27/02/2017,52,49.3,43,
28/02/2017,45,41.4,36,
1/3/2017,50,44.6,41,
2/3/2017,48,45.9,41,
3/3/2017,52,44.4,32,
4/3/2017,54,50.3,45,
5/3/2017,50,44.6,43,
6/3/2017,48,44,41,
7/3/2017,50,44.6,39,
8/3/2017,52,46.3,37,
9/3/2017,57,50.7,43,
10/3/2017,52,42.7,30,
11/3/2017,55,44.7,32,
12/3/2017,63,48.5,36,
13/03/2017,55,46.6,37,
14/03/2017,57,48,41,
15/03/2017,61,52.9,43,
16/03/2017,64,50.6,36,
17/03/2017,54,49.2,46,
18/03/2017,57,51.3,46,
19/03/2017,55,53,52,
20/03/2017,54,51.6,48,
21/03/2017,50,48.5,45,
22/03/2017,54,44,30,
23/03/2017,59,48,36,
24/03/2017,57,49,43,
25/03/2017,59,50.2,39,
26/03/2017,59,49.3,39,
27/03/2017,63,51.2,37,
28/03/2017,68,53.1,36,
29/03/2017,63,56.4,52,
30/03/2017,73,61.2,52,
31/03/2017,68,58,46,
1/4/2017,57,51.6,46,
2/4/2017,61,52.3,39,
3/4/2017,57,47.3,41,
4/4/2017,61,49.6,37,
5/4/2017,55,49.4,46,
6/4/2017,52,47.7,45,
7/4/2017,55,48.3,37,
8/4/2017,61,51.9,45,
9/4/2017,73,55.2,36,
10/4/2017,61,52.9,45,
11/4/2017,57,49.8,43,
12/4/2017,57,50.1,45,
13/04/2017,55,50.3,46,
14/04/2017,55,48.5,36,
15/04/2017,54,50,46,
16/04/2017,54,48.3,45,
17/04/2017,54,47,41,
18/04/2017,52,43.8,37,
19/04/2017,48,41.3,34,
20/04/2017,54,42.7,28,
21/04/2017,57,51.5,39,
22/04/2017,54,49.5,43,
23/04/2017,54,46.4,37,
24/04/2017,59,49,36,
25/04/2017,50,45.3,41,
26/04/2017,52,44,37,
27/04/2017,50,44,32,
28/04/2017,52,47.2,43,
29/04/2017,57,47.3,34,
30/04/2017,70,54.1,36,
1/5/2017,61,53.8,46,
2/5/2017,54,49,39,
3/5/2017,59,50.6,46,
4/5/2017,61,52.9,50,
5/5/2017,55,49.1,46,
6/5/2017,70,56.5,43,
7/5/2017,57,52.9,48,
8/5/2017,61,50.8,46,
9/5/2017,59,49.7,39,
10/5/2017,64,52.5,39,
11/5/2017,73,57.8,45,
12/5/2017,72,61.4,55,
13/05/2017,68,59.3,52,
14/05/2017,66,58.3,48,
15/05/2017,72,59.8,41,
16/05/2017,81,71.3,63,
17/05/2017,86,73.8,63,
18/05/2017,75,63.3,59,
19/05/2017,63,55.6,48,
20/05/2017,66,55.8,46,
21/05/2017,68,58.6,45,
22/05/2017,77,64.9,46,
23/05/2017,70,64.3,55,
24/05/2017,73,64.3,55,
25/05/2017,77,65.6,54,
26/05/2017,81,70.6,57,
27/05/2017,90,73.1,57,
28/05/2017,81,71.6,63,
29/05/2017,88,72.6,64,
30/05/2017,72,66.9,63,
31/05/2017,73,64.6,55,
1/6/2017,79,67.1,52,
2/6/2017,81,71.2,59,
3/6/2017,73,68.3,63,
4/6/2017,68,62.5,55,
5/6/2017,72,63.8,52,
6/6/2017,66,60.1,55,
7/6/2017,64,59,54,
8/6/2017,77,65.7,55,
9/6/2017,68,64.2,59,
10/6/2017,79,66.5,54,
11/6/2017,81,71.7,63,
12/6/2017,66,61.6,57,
13/06/2017,72,63.3,55,
14/06/2017,79,67,54,
15/06/2017,81,71.3,59,
16/06/2017,68,63.6,59,
17/06/2017,77,67.8,54,
18/06/2017,82,71.9,57,
19/06/2017,88,76.8,61,
20/06/2017,88,77.9,66,
21/06/2017,90,76.4,63,
22/06/2017,91,77.8,68,
23/06/2017,77,68.7,63,
24/06/2017,68,63.4,59,
25/06/2017,72,66,63,
26/06/2017,73,66.4,61,
27/06/2017,68,62.7,55,
28/06/2017,72,65.9,61,
29/06/2017,72,64.5,57,
30/06/2017,70,64.2,55,
1/7/2017,64,61.3,57,
2/7/2017,66,61.2,57,
3/7/2017,73,62.8,46,
4/7/2017,77,66.9,59,
5/7/2017,79,69.7,57,
6/7/2017,79,69.6,57,
7/7/2017,81,72.4,63,
8/7/2017,79,68.8,61,
9/7/2017,79,67.7,55,
10/7/2017,79,67.9,63,
11/7/2017,72,65.1,59,
12/7/2017,68,62.3,57,
13/07/2017,70,60.9,46,
14/07/2017,70,62.9,52,
15/07/2017,72,64.8,57,
16/07/2017,73,67.2,63,
17/07/2017,75,68.5,63,
18/07/2017,82,71.2,59,
19/07/2017,84,74.7,64,
20/07/2017,79,68.4,61,
21/07/2017,77,66.5,55,
22/07/2017,73,67,57,
23/07/2017,68,61.5,55,
24/07/2017,66,61.2,57,
25/07/2017,68,63.4,59,
26/07/2017,75,66.8,57,
27/07/2017,72,66.2,61,
28/07/2017,70,62.9,57,
29/07/2017,75,69.3,63,
30/07/2017,73,69.2,63,
31/07/2017,75,67,55,
1/8/2017,75,66.7,57,
2/8/2017,72,65,59,
3/8/2017,75,67.8,63,
4/8/2017,73,67.3,63,
5/8/2017,72,63.5,57,
6/8/2017,72,62.8,50,
7/8/2017,75,63.9,50,
8/8/2017,63,61,59,
9/8/2017,72,63.7,57,
10/8/2017,64,60.9,55,
11/8/2017,72,64.1,59,
12/8/2017,70,62.6,57,
13/08/2017,72,63.3,55,
14/08/2017,79,66.2,54,
15/08/2017,73,64.7,57,
16/08/2017,75,64.6,52,
17/08/2017,70,64.4,55,
18/08/2017,72,65.1,59,
19/08/2017,68,60.6,55,
20/08/2017,68,61,55,
21/08/2017,68,62.4,52,
22/08/2017,77,67.5,55,
23/08/2017,82,70.1,55,
24/08/2017,73,65.7,57,
25/08/2017,75,65.7,54,
26/08/2017,79,69.2,61,
27/08/2017,79,69.5,61,
28/08/2017,82,70.3,57,
29/08/2017,90,74.1,57,
30/08/2017,75,68.2,57,
31/08/2017,68,60.7,55,
1/9/2017,68,58.2,48,
2/9/2017,68,60.2,54,
3/9/2017,68,58.2,46,
4/9/2017,70,59.2,52,
5/9/2017,73,67.3,61,
6/9/2017,66,62.3,59,
7/9/2017,66,60.9,57,
8/9/2017,63,60.4,59,
9/9/2017,63,58.1,54,
10/9/2017,63,57.1,50,
11/9/2017,63,58.7,55,
12/9/2017,64,57.8,54,
13/09/2017,64,59.9,54,
14/09/2017,55,53.6,52,
15/09/2017,61,54.9,50,
16/09/2017,59,50.9,45,
17/09/2017,63,52.4,39,
18/09/2017,61,54.2,50,
19/09/2017,63,56.6,52,
20/09/2017,64,57.4,50,
21/09/2017,68,56.6,45,
22/09/2017,66,55.6,46,
23/09/2017,64,52,41,
24/09/2017,68,54.7,43,
25/09/2017,66,56.4,48,
26/09/2017,66,57.7,50,
27/09/2017,68,58,48,
28/09/2017,68,62.1,55,
29/09/2017,77,63.7,52,
30/09/2017,64,57.7,50,
1/10/2017,63,57.9,50,
2/10/2017,66,61.6,55,
3/10/2017,63,56.4,52,
4/10/2017,59,55.7,52,
5/10/2017,59,56,50,
6/10/2017,57,53.3,50,
7/10/2017,55,52.8,50,
8/10/2017,59,55.4,54,
9/10/2017,61,56,50,
10/10/2017,64,58.4,55,
11/10/2017,61,58.5,55,
12/10/2017,64,58.9,54,
13/10/2017,66,60.6,48,
14/10/2017,70,60.4,50,
15/10/2017,75,61.6,46,
16/10/2017,79,68.2,57,
17/10/2017,64,59.6,55,
18/10/2017,70,59,50,
19/10/2017,72,60.8,50,
20/10/2017,64,58.3,54,
21/10/2017,64,56.8,50,
22/10/2017,55,52.1,50,
23/10/2017,59,54,50,
24/10/2017,64,59.8,55,
25/10/2017,63,60.3,57,
26/10/2017,63,57.6,52,
27/10/2017,59,55,50,
28/10/2017,59,51.8,48,
29/10/2017,59,54.2,48,
30/10/2017,52,48.3,43,
31/10/2017,52,49.5,46,
1/11/2017,57,51.1,46,
2/11/2017,57,50.8,46,
3/11/2017,57,49.8,43,
4/11/2017,57,50.5,43,
5/11/2017,52,46.3,43,
6/11/2017,52,43,30,
7/11/2017,48,36.8,28,
8/11/2017,45,42,34,
9/11/2017,52,47.4,45,
10/11/2017,54,48.9,46,
11/11/2017,48,45.1,41,
12/11/2017,48,43.2,41,
13/11/2017,52,44.8,36,
14/11/2017,48,45.3,39,
15/11/2017,50,47.6,46,
16/11/2017,52,48.8,46,
17/11/2017,52,44,36,
18/11/2017,48,44.1,36,
19/11/2017,48,43.5,39,
20/11/2017,54,44.9,39,
21/11/2017,54,52.8,52,
22/11/2017,57,53.4,52,
23/11/2017,61,54.4,48,
24/11/2017,50,46.3,41,
25/11/2017,45,40.1,37,
26/11/2017,46,40.7,37,
27/11/2017,48,44,39,
28/11/2017,45,41,37,
29/11/2017,43,37.5,34,
30/11/2017,39,36.1,34,
1/12/2017,37,33.1,25,
2/12/2017,32,30,28,
3/12/2017,39,34.8,30,
4/12/2017,48,43.2,39,
5/12/2017,46,43.7,39,
6/12/2017,46,45.4,45,
7/12/2017,45,42.8,39,
8/12/2017,43,38.7,36,
9/12/2017,39,35.6,34,
10/12/2017,46,37.6,32,
11/12/2017,37,33.3,30,
12/12/2017,37,34.9,34,
13/12/2017,46,40.9,36,
14/12/2017,41,39.1,34,
15/12/2017,41,38.4,36,
16/12/2017,41,38.2,34,
17/12/2017,43,37.3,34,
18/12/2017,46,44.5,39,
19/12/2017,43,40,34,
20/12/2017,46,45.3,43,
21/12/2017,50,48.2,46,
22/12/2017,50,48.9,48,
23/12/2017,50,48.9,48,
24/12/2017,52,49.5,48,
25/12/2017,48,45.5,41,
26/12/2017,45,43.4,41,
27/12/2017,46,42.3,37,
28/12/2017,41,38.3,36,
29/12/2017,45,37.7,32,
30/12/2017,55,50,39,
31/12/2017,57,53.1,48,
1/1/2018,48,44.6,43,
2/1/2018,50,45,43,
3/1/2018,54,49.5,46,
4/1/2018,55,47.9,45,
5/1/2018,50,46.8,43,
6/1/2018,43,40.9,34,
7/1/2018,41,36.7,34,
8/1/2018,41,37.7,36,
9/1/2018,43,37.3,30,
10/1/2018,46,45.2,41,
11/1/2018,46,43,37,
12/1/2018,45,43.4,41,
13/01/2018,43,39.4,36,
14/01/2018,43,37.5,34,
15/01/2018,48,41.3,30,
16/01/2018,45,43.7,41,
17/01/2018,43,40.9,37,
18/01/2018,54,42.2,0,
19/01/2018,43,39,37,
20/01/2018,39,36.8,36,
21/01/2018,41,38,34,
22/01/2018,50,45.7,37,
23/01/2018,54,48.5,45,
24/01/2018,59,54.6,46,
25/01/2018,50,46.9,45,
26/01/2018,46,43.6,36,
27/01/2018,43,42.9,41,
28/01/2018,54,49.9,43,
29/01/2018,52,50.6,45,
30/01/2018,48,41.5,34,
31/01/2018,50,45.6,39,
1/2/2018,43,38.6,36,
2/2/2018,43,39.4,37,
3/2/2018,39,37.2,36,
4/2/2018,37,34.6,32,
5/2/2018,39,33.4,30,
6/2/2018,34,29.7,27,
7/2/2018,36,30.1,25,
8/2/2018,41,33.8,25,
9/2/2018,36,33.2,30,
10/2/2018,45,39.3,34,
11/2/2018,45,40.3,36,
12/2/2018,43,38.1,36,
13/02/2018,45,35.2,28,
14/02/2018,43,34.4,21,
15/02/2018,50,42.3,37,
16/02/2018,46,38.8,30,
17/02/2018,46,35.2,28,
18/02/2018,46,33.3,23,
19/02/2018,41,34.6,27,
20/02/2018,43,36.8,32,
21/02/2018,41,34,28,
22/02/2018,41,33.5,27,
23/02/2018,39,32.3,28,
24/02/2018,41,32.5,25,
25/02/2018,36,29.6,25,
26/02/2018,32,26.4,23,
27/02/2018,32,25.6,21,
28/02/2018,28,22.9,19,
1/3/2018,36,26.3,19,
2/3/2018,30,26.9,25,
3/3/2018,41,32.3,27,
4/3/2018,52,41,30,
5/3/2018,54,44.6,37,
6/3/2018,52,43.6,34,
7/3/2018,46,41.7,37,
8/3/2018,48,42.1,37,
9/3/2018,50,44.4,39,
10/3/2018,59,52.6,45,
11/3/2018,61,52.1,45,
12/3/2018,55,49.9,39,
13/03/2018,48,44,41,
14/03/2018,55,44.3,32,
15/03/2018,48,44.1,41,
16/03/2018,50,43.5,37,
17/03/2018,37,29.9,28,
18/03/2018,34,30.4,28,
19/03/2018,39,32.3,28,
20/03/2018,46,38.3,28,
21/03/2018,46,38.7,27,
22/03/2018,45,42.4,39,
23/03/2018,45,43.3,39,
24/03/2018,54,46.3,41,
25/03/2018,55,45.8,36,
26/03/2018,52,43.6,34,
27/03/2018,48,42.5,34,
28/03/2018,46,44.1,39,
29/03/2018,52,45.1,39,
30/03/2018,57,47.4,37,
31/03/2018,55,41.8,28.6,
1/4/2018,46,43.3,39,
2/4/2018,59,47.5,36,
3/4/2018,63,55.5,50,
4/4/2018,59,51.9,46,
5/4/2018,50,45.4,36,
6/4/2018,61,46.4,30,
7/4/2018,72,56.8,41,
8/4/2018,73,61.4,50,
9/4/2018,63,57.2,52,
10/4/2018,66,57.9,48,
11/4/2018,57,53.4,48,
12/4/2018,55,51,43,
13/04/2018,59,50.9,39,
14/04/2018,64,53.6,39,
15/04/2018,64,57.8,48,
16/04/2018,61,54.5,45,
17/04/2018,70,56.2,41,
18/04/2018,77,61.6,45,
19/04/2018,82,67.8,50,
20/04/2018,79,66.3,54,
21/04/2018,73,62.5,46,
22/04/2018,81,65.7,50,
23/04/2018,64,57.9,50,
24/04/2018,61,54.5,48,
25/04/2018,59,55.1,50,
26/04/2018,59,52.4,48,
27/04/2018,63,53,39,
28/04/2018,59,55.7,48,
29/04/2018,54,50.5,45,
30/04/2018,55,49.7,43,
1/5/2018,57,49,41,
2/5/2018,63,53,39,
3/5/2018,61,53.5,46,
4/5/2018,66,55.4,43,
5/5/2018,73,61.3,48,
6/5/2018,81,66.1,50,
7/5/2018,79,67,52,
8/5/2018,81,68.8,50,
9/5/2018,72,64.4,57,
10/5/2018,63,55.9,50,
11/5/2018,68,55.2,39,
12/5/2018,75,62.6,48,
13/05/2018,63,55.7,54,
14/05/2018,68,57.5,52,
15/05/2018,77,65.7,54,
16/05/2018,68,61,55,
17/05/2018,63,54,48,
18/05/2018,61,52.2,45,
19/05/2018,55,51,46,
20/05/2018,75,59.7,46,
21/05/2018,77,63.5,52,
22/05/2018,75,63.7,54,
23/05/2018,73,65,57,
24/05/2018,75,65.8,57,
25/05/2018,77,66.8,57,
26/05/2018,82,72.7,61,
27/05/2018,79,72,64,
28/05/2018,84,74.3,63,
29/05/2018,81,73.3,68,
30/05/2018,81,71.6,59,
31/05/2018,79,70.6,63,
1/6/2018,68,64.3,61,
2/6/2018,68,63.1,59,
3/6/2018,77,67.6,57,
4/6/2018,75,67.1,59,
5/6/2018,70,62.9,59,
6/6/2018,82,68.8,54,
7/6/2018,77,69.5,64,
8/6/2018,73,66.3,61,
9/6/2018,79,69.1,63,
10/6/2018,77,68.9,61,
11/6/2018,75,66.3,57,
12/6/2018,68,60.2,55,
13/06/2018,66,59.6,54,
14/06/2018,68,60.8,50,
15/06/2018,75,65.2,54,
16/06/2018,72,64.1,57,
17/06/2018,64,61.2,57,
18/06/2018,68,63.7,61,
19/06/2018,70,64.2,59,
20/06/2018,81,69.9,63,
21/06/2018,68,60.3,54,
22/06/2018,63,55.9,50,
23/06/2018,70,59.9,48,
24/06/2018,68,61.3,54,
25/06/2018,73,64.3,57,
26/06/2018,75,64,52,
27/06/2018,81,68.1,55,
28/06/2018,82,72.9,61,
29/06/2018,82,72.3,61,
30/06/2018,86,72,57,
1/7/2018,84,74.1,64,
2/7/2018,82,72.2,57,
3/7/2018,86,72.4,59,
4/7/2018,82,71.9,61,
5/7/2018,79,70.9,63,
6/7/2018,82,72.1,61,
7/7/2018,81,72.1,61,
8/7/2018,81,69.5,59,
9/7/2018,77,68,59,
10/7/2018,64,61.2,59,
11/7/2018,73,65.8,57,
12/7/2018,77,67.8,61,
13/07/2018,79,68,59,
14/07/2018,82,70.2,57,
15/07/2018,86,73.5,59,
16/07/2018,86,72.6,57,
17/07/2018,79,69.3,64,
18/07/2018,77,67.1,54,
19/07/2018,79,69.8,57,
20/07/2018,79,69.8,59,
21/07/2018,79,72.4,66,
22/07/2018,81,72.1,61,
23/07/2018,86,77.5,68,
24/07/2018,88,78.9,64,
25/07/2018,90,80.5,72,
26/07/2018,97,82.5,70,
27/07/2018,99,83.1,70,
28/07/2018,77,72.5,68,
29/07/2018,81,70.5,57,
30/07/2018,86,77.9,66,
31/07/2018,79,72.1,64,
1/8/2018,82,72.2,59,
2/8/2018,84,75.2,66,
3/8/2018,91,78.5,66,
4/8/2018,88,76.1,64,
5/8/2018,82,72.4,63,
6/8/2018,91,76.6,61,
7/8/2018,95,81.4,61,
8/8/2018,75,69.6,61,
9/8/2018,72,63.8,57,
10/8/2018,72,62.9,55,
11/8/2018,70,61.4,55,
12/8/2018,82,70,55,
13/08/2018,72,66.9,64,
14/08/2018,73,66.6,61,
15/08/2018,72,66.7,63,
16/08/2018,79,68.8,63,
17/08/2018,73,65.6,57,
18/08/2018,72,64.6,55,
19/08/2018,75,67.5,59,
20/08/2018,73,69,66,
21/08/2018,79,70.9,61,
22/08/2018,75,69.5,61,
23/08/2018,73,65.9,57,
24/08/2018,68,63.4,61,
25/08/2018,64,57.8,54,
26/08/2018,66,57.3,43,
27/08/2018,66,63.3,57,
28/08/2018,70,63.5,55,
29/08/2018,68,59.3,52,
30/08/2018,70,62.5,57,
31/08/2018,66,59.3,52,
1/9/2018,70,59.1,46,
2/9/2018,73,62.5,50,
3/9/2018,68,64.4,61,
4/9/2018,75,68.3,64,
5/9/2018,77,68.8,64,
6/9/2018,70,65,59,
7/9/2018,64,59.9,57,
8/9/2018,66,59.3,52,
9/9/2018,77,66.8,59,
10/9/2018,73,65.2,59,
11/9/2018,77,67.2,59,
12/9/2018,66,61.7,57,
13/09/2018,68,59.3,54,
14/09/2018,66,56.4,43,
15/09/2018,68,59.5,50,
16/09/2018,73,60,48,
17/09/2018,79,62.2,48,
18/09/2018,77,66.8,54,
19/09/2018,75,67,55,
20/09/2018,77,68.5,61,
21/09/2018,70,62.8,57,
22/09/2018,59,55,52,
23/09/2018,54,51.9,50,
24/09/2018,57,51,43,
25/09/2018,61,49.5,37,
26/09/2018,66,52.6,39,
27/09/2018,72,55.6,41,
28/09/2018,63,55,45,
29/09/2018,59,49.5,39,
30/09/2018,63,50.2,34,
1/10/2018,57,51.9,48,
2/10/2018,63,53.9,46,
3/10/2018,61,57,52,
4/10/2018,66,58.6,50,
5/10/2018,72,56.3,43,
6/10/2018,73,58.7,45,
7/10/2018,59,54.4,48,
8/10/2018,63,50.1,37,
9/10/2018,66,52,39,
10/10/2018,73,57.2,41,
11/10/2018,75,63.8,52,
12/10/2018,75,65.8,55,
13/10/2018,79,67.1,59,
14/10/2018,75,63.8,54,
15/10/2018,75,62.3,52,
16/10/2018,75,59.7,48,
17/10/2018,68,58.8,50,
18/10/2018,63,57,52,
19/10/2018,61,55.1,50,
20/10/2018,59,49.4,39,
21/10/2018,61,50.2,39,
22/10/2018,61,54.6,41,
23/10/2018,59,51.7,39,
24/10/2018,59,58,55,
25/10/2018,57,54.4,52,
26/10/2018,54,49.6,45,
